
DROP DATABASE IF EXISTS albums;
CREATE DATABASE IF NOT EXISTS albums;
USE albums;

SELECT 'CREATING DATABASE STRUCTURE' as 'INFO';

DROP TABLE IF EXISTS record_labels,
                     artists,
                     genre,
                     albums;	

/*!50503 set default_storage_engine = InnoDB */;
/*!50503 select CONCAT('storage engine: ', @@default_storage_engine) as INFO */; 



CREATE TABLE IF NOT EXISTS record_labels(
   record_label_id       INTEGER  NOT NULL PRIMARY KEY AUTO_INCREMENT
  ,record_label_name     VARCHAR(40) NOT NULL
  ,date_of_establishment DATE  NOT NULL
  ,total_no_artists      INTEGER  NOT NULL
);

CREATE TABLE IF NOT EXISTS artists(
   artist_id               INTEGER  NOT NULL PRIMARY KEY AUTO_INCREMENT
  ,artist_first_name       VARCHAR(30) NOT NULL
  ,artist_last_name        VARCHAR(30) NOT NULL
  ,birth_date              DATE  NOT NULL
  ,no_weeks_top_100        INTEGER  NOT NULL
  ,record_label_id         INTEGER 
  ,dependency              VARCHAR(40) NOT NULL
  ,record_label_contract_start_date DATE 
  ,record_label_contract_end_date   DATE
  ,start_date_ind_artist   DATE 
);

CREATE TABLE IF NOT EXISTS genre(
   genre_id   VARCHAR(3) NOT NULL PRIMARY KEY
  ,genre_name VARCHAR(30) NOT NULL
);

CREATE TABLE IF NOT EXISTS albums(
   album_id        INTEGER  NOT NULL PRIMARY KEY auto_increment
  ,album_name      VARCHAR(40)
  ,artist_id       INTEGER  NOT NULL
  ,record_label_id INTEGER 
  ,genre_id        VARCHAR(3) NOT NULL
  ,release_date    DATE  NOT NULL
);

INSERT INTO record_labels VALUES 
(1,'Peninsula Entertainment Records','2000-01-16',24),
(2,'Wild Record Label','1995-05-12',15),
(3,'Johnsons Entertainment','2007-12-13',7),
(4,'Curious Artists','1997-06-27',17),
(5,'North-Atlantic Entertainment','2002-08-12',21),
(6,'European Music Group','1999-11-19',18),
(7,'Sea Jazz Records','2010-05-28',20),
(8,'Red Robin Bird Artists','2012-10-08',10),
(9,'Loud Bands Records','2003-03-19',11),
(10,'American Downtown Entertainment','2005-05-05',9),
(11,'Eastern Sounds Records','2010-01-10',13),
(12,'Cool Sounds Entertainment','1997-07-18',14),
(13,'Rough Beats','2020-03-28',7),
(14,'Young Artist Records','2016-06-30',20);



INSERT INTO artists VALUES 
(1001,'Em','Spanò','1996-06-21',12,NULL,'independent artist',NULL,NULL,'2019-02-04'),
(1002,'Delphia','Wardrobe','1999-06-17',5,5,'signed to a record label','2020-05-03','9999-12-31',NULL),
(1003,'Wealdmær','Masters','1973-05-08',3,1,'signed to a record label','2000-12-13','2015-03-15',NULL),
(1004,'Loredana','Simon','1970-08-13',25,NULL,'independent artist',NULL,NULL,'2000-03-20'),
(1005,'Wit','Peck','1992-10-25',45,NULL,'independent artist',NULL,NULL,'2011-05-13'),
(1006,'Asco','Ewart','1978-12-15',2,2,'signed to a record label','2000-05-28','2015-06-19',NULL),
(1007,'Lane','Gerver','1984-01-25',4,6,'signed to a record label','2015-01-30','2019-07-30',NULL),
(1008,'Joan','Korhonen','1983-07-18',5,2,'signed to a record label','2010-10-07','2018-03-13',NULL),
(1009,'Lioubov','Magnusson','1994-04-27',1,3,'signed to a record label','2017-09-20','9999-12-31',NULL),
(1010,'Cihan','Belluomo','1985-10-04',0,NULL,'independent artist',NULL,NULL,'2010-06-06'),
(1011,'Viola','Spada','1985-06-10',21,4,'signed to a record label','2012-07-29','2020-10-10',NULL),
(1012,'Odin','Mottershead','1986-11-21',13,4,'signed to a record label','2007-08-01','9999-12-31',NULL),
(1013,'Shahriyar','Nieri','1966-06-24',0,4,'signed to a record label','2000-05-16','9999-12-31',NULL),
(1014,'Abdou','Ellison','1977-12-07',12,1,'signed to a record label','2000-11-11','2019-02-12',NULL),
(1015,'Remigiusz','van Cann','1997-01-21',0,NULL,'independent artist',NULL,NULL,'2015-05-06'),
(1016,'Merlin','Werner','1966-03-16',20,8,'signed to a record label','2012-10-09','2013-10-09',NULL),
(1017,'Marie','Mwangi','1998-03-18',11,8,'signed to a record label','2021-04-09','9999-12-31',NULL),
(1018,'Albert','Bologna','1964-11-01',5,4,'signed to a record label','1998-03-15','2007-07-17',NULL),
(1019,'Mária','Rose','1991-04-17',7,NULL,'independent artist',NULL,NULL,'2018-08-06'),
(1020,'Edward','Heijmans','1969-10-26',3,2,'signed to a record label','1996-11-29','1997-03-10',NULL),
(1021,'Jóhanna','Terzi','1972-02-05',1,9,'signed to a record label','2004-03-03','2005-03-03',NULL),
(1022,'Mélisande','Parris','1970-03-23',0,9,'signed to a record label','2005-05-05','2008-10-18',NULL),
(1023,'Jaala','Hirsch','1950-09-07',10,NULL,'independent artist',NULL,NULL,'1976-06-23'),
(1024,'Susanne','Simmons','1989-09-26',0,3,'signed to a record label','2015-06-12','9999-12-31',NULL),
(1025,'Arto','Janzen','1999-09-01',31,NULL,'independent artist',NULL,NULL,'2021-02-08'),
(1026,'Eutychia','Walburga','1993-05-26',2,NULL,'independent artist',NULL,NULL,'2014-02-05'),
(1027,'Evaristo','Kanti','1992-03-20',3,NULL,'independent artist',NULL,NULL,'2015-03-07'),
(1028,'Kipling','Maikel','1972-07-09',12,1,'signed to a record label','2002-02-01','2010-05-02',NULL),
(1029,'Milburn','Burchard','1980-01-26',22,NULL,'independent artist',NULL,NULL,'2005-03-07'),
(1030,'Elspet','Gijsberta','1965-07-23',5,NULL,'independent artist',NULL,NULL,'2000-08-08'),
(1031,'Tafadzwa','Ryker','1991-12-12',4,4,'signed to a record label','2012-08-01','2017-05-14',NULL),
(1032,'Roshanak','Nike','1988-11-01',15,NULL,'independent artist',NULL,NULL,'2010-05-05'),
(1033,'Kristijonas','Ora','1986-06-24',10,NULL,'independent artist',NULL,NULL,'2012-10-06'),
(1034,'Alex','Ndidi','1976-02-15',12,NULL,'independent artist',NULL,NULL,'1996-10-12'),
(1035,'Ngaio','Lilly','1978-05-15',4,8,'signed to a record label','2013-02-01','2014-02-01',NULL),
(1036,'Paulette','Stephan','1984-07-04',25,NULL,'independent artist',NULL,NULL,'2005-02-02'),
(1037,'Hari','Dāvis','1994-12-10',12,NULL,'independent artist',NULL,NULL,'2020-04-13'),
(1038,'Gál','Sung-Soo','1983-04-17',11,1,'signed to a record label','2005-04-03','2007-04-03',NULL),
(1039,'Hayati','Gautvin','1982-11-23',2,NULL,'independent artist',NULL,NULL,'2002-07-13'),
(1040,'Fotios','Evgenij','1990-06-08',10,NULL,'independent artist',NULL,NULL,'2018-07-10'),
(1041,'Montse','Thales','1991-04-18',3,3,'signed to a record label','2017-12-14','9999-12-31',NULL),
(1042,'Lars','Rosalie','1975-10-15',13,7,'signed to a record label','2010-05-29','2012-12-30',NULL),
(1043,'Tyr','Karter','1977-11-15',1,NULL,'independent artist',NULL,NULL,'2002-07-13'),
(1044,'Xanthos','Mojca','1988-05-01',11,NULL,'independent artist',NULL,NULL,'2008-07-10'),
(1045,'Simeon','Maia','1973-08-04',0,2,'signed to a record label','1997-04-03','2005-02-27',NULL),
(1046,'Aqissiaq','Khaleesi','1998-11-19',3,NULL,'independent artist',NULL,NULL,'2002-07-13'),
(1047,'Torø','Marisol','1979-01-27',2,NULL,'independent artist',NULL,NULL,'2008-07-10'),
(1048,'Charissa','Rayko','1977-03-25',5,NULL,'independent artist',NULL,NULL,'2001-07-13'),
(1049,'Winnie','Zyanya','1977-04-14',5,NULL,'independent artist',NULL,NULL,'1997-05-01'),
(1050,'Andreja','Merv','1980-06-12',3,5,'signed to a record label','2003-03-17','2016-03-01',NULL),
(1051,'Leonardo','Vendelín','1981-12-27',0,NULL,'independent artist',NULL,NULL,'2001-03-12'),
(1052,'Adolfito','Giovanbattista','1980-03-03',11,NULL,'independent artist',NULL,NULL,'2004-02-01'),
(1053,'Titianus','Kristen','1980-04-04',12,NULL,'independent artist',NULL,NULL,'2005-03-01'),
(1054,'Venelin','Georgiev','1981-05-05',15,7,'signed to a record label','2011-10-18','2015-06-29',NULL),
(1055,'Chie','Mitch','1979-06-05',5,8,'signed to a record label','2014-03-03','2015-04-04',NULL),
(1056,'Adelina','Wulfrun','1981-03-03',3,8,'signed to a record label','2015-03-03','2018-05-03',NULL),
(1057,'Kubra','Giselbert','1980-02-28',1,NULL,'independent artist',NULL,NULL,'2002-08-24'),
(1058,'Maura','Vera','1981-02-28',1,NULL,'independent artist',NULL,NULL,'2015-04-01'),
(1059,'Brandy','Augustinus','1982-02-03',5,NULL,'independent artist',NULL,NULL,'2012-03-03'),
(1060,'Yaren','Leo','1982-03-02',8,3,'signed to a record label','2007-12-14','2019-05-05',NULL),
(1061,'Rashmi','Débora','1976-01-17',22,4,'signed to a record label','1998-07-07','2016-09-07',NULL),
(1062,'Rômulo','Eduardo','1983-01-23',16,NULL,'independent artist',NULL,NULL,'2003-02-02'),
(1063,'Alannis','Ester','1983-02-23',12,NULL,'independent artist',NULL,NULL,'2016-04-04'),
(1064,'Godabert','Ármann','1983-07-13',17,NULL,'independent artist',NULL,NULL,'2018-12-15'),
(1065,'Hye-Jin','Gijsbert','1984-06-12',22,8,'signed to a record label','2014-05-15','2019-07-16',NULL),
(1066,'Issoufou','Pierluigi','1980-06-01',28,5,'signed to a record label','2003-07-17','2006-11-12',NULL),
(1067,'Nashwa','Zlatan','1980-06-02',12,5,'signed to a record label','2006-04-18','2007-04-04',NULL),
(1068,'Otis','Aytaç','1981-07-03',10,3,'signed to a record label','2009-03-07','2017-06-04',NULL),
(1069,'Naci','Juan','1982-03-03',5,2,'signed to a record label','2002-03-03','2005-06-05',NULL),
(1070,'Gordianus','Dominick','1981-08-18',4,NULL,'independent artist',NULL,NULL,'2013-06-05'),
(1071,'Rigmor','Kennard','1979-07-19',2,NULL,'independent artist',NULL,NULL,'2013-05-06'),
(1072,'Izz','al-Din','1979-12-23',2,NULL,'independent artist',NULL,NULL,'2019-10-10'),
(1073,'Vasant','Eireen','1980-12-24',1,4,'signed to a record label','2006-11-29','2009-05-28',NULL),
(1074,'Ana','Belén','1984-12-25',0,4,'signed to a record label','2003-05-05','2010-07-04',NULL),
(1075,'Rim','Věnceslav','1983-06-12',3,4,'signed to a record label','2017-04-18','2019-03-22',NULL),
(1076,'Colmán','Barbara','1981-11-11',5,NULL,'independent artist',NULL,NULL,'2018-11-01'),
(1077,'Dalibor','Kike','1980-12-12',14,NULL,'independent artist',NULL,NULL,'2010-10-10'),
(1078,'Milena','Indra','1980-07-07',15,NULL,'independent artist',NULL,NULL,'2011-07-17'),
(1079,'Ivan','Ivanov','1980-01-01',12,6,'signed to a record label','2006-11-09','2009-05-18',NULL),
(1080,'Petar','Petrov','1985-01-02',23,7,'signed to a record label','2010-10-15','2019-09-09',NULL),
(1081,'Fionnbarra','Hevel','1984-03-03',16,9,'signed to a record label','2005-09-30','2010-08-30',NULL),
(1082,'Ernesto','Feri','1971-05-06',3,9,'signed to a record label','2005-02-24','2007-02-24',NULL),
(1083,'Mudiwa','Ramiro','1971-05-05',0,NULL,'independent artist',NULL,NULL,'1992-10-13'),
(1084,'Julián','Bora','1972-05-01',3,NULL,'independent artist',NULL,NULL,'1994-02-01'),
(1085,'Cem','Bettie','1972-02-22',0,9,'signed to a record label','2007-04-23','9999-12-31',NULL),
(1086,'Halil','Seong','1973-03-22',1,7,'signed to a record label','2010-10-16','2015-11-11',NULL),
(1087,'Jenna','Sam','1974-12-01',2,7,'signed to a record label','2010-12-17','2013-10-05',NULL),
(1088,'Anwar','Osanna','1969-11-01',5,NULL,'independent artist',NULL,NULL,'1988-04-04'),
(1089,'Russel','Kamilė','1968-12-01',15,NULL,'independent artist',NULL,NULL,'1989-05-05'),
(1090,'Lyndon','Táňa','1976-01-01',23,5,'signed to a record label','2003-05-05','2004-06-06',NULL),
(1091,'Jana','Vibol','1965-01-13',22,NULL,'independent artist',NULL,NULL,'1984-11-15'),
(1092,'Slade','Coraline','1964-04-05',12,2,'signed to a record label','1999-12-17','2001-12-15',NULL),
(1093,'Pili','Aisha','1974-01-16',11,2,'signed to a record label','1999-02-01','2011-02-01',NULL),
(1094,'Cho','Momir','1971-02-28',13,1,'signed to a record label','2005-04-18','2007-10-19',NULL),
(1095,'Bonaventura','Sameer','1968-09-08',0,NULL,'independent artist',NULL,NULL,'2001-06-03'),
(1096,'Megan','Siddharth','1968-01-19',1,1,'signed to a record label','2001-03-28','2002-03-03',NULL),
(1097,'Brett','Kapka','1968-02-20',12,NULL,'independent artist',NULL,NULL,'1988-02-20'),
(1098,'Mel','Jadvyga','1974-10-03',5,1,'signed to a record label','2000-04-28','2001-10-30',NULL),
(1099,'Michael','Qays','1975-10-03',0,6,'signed to a record label','2001-06-16','2002-06-16',NULL),
(1100,'Rosalyn','Klazina','1978-12-03',0,9,'signed to a record label','2005-10-29','9999-12-31',NULL),
(1101,'Mikki','Benedicte','1980-08-15',7,NULL,'independent artist',NULL,NULL,'2000-08-08'),
(1102,'Eli','Enise','1978-12-29',17,NULL,'independent artist',NULL,NULL,'2001-03-03'),
(1103,'Andre','Mitchell','1963-06-12',3,8,'signed to a record label','2018-07-03','2019-05-05',NULL),
(1104,'Tihomir','Ivanov','1974-04-12',2,7,'signed to a record label','2010-12-18','2011-08-25',NULL),
(1105,'Anja','Grahame','1966-04-24',0,7,'signed to a record label','2011-02-01','2014-01-17',NULL),
(1106,'Severino','Andreja','1984-04-27',0,NULL,'independent artist',NULL,NULL,'2015-04-05'),
(1107,'Dulce','Ellen','1985-11-21',15,NULL,'independent artist',NULL,NULL,'2016-05-04'),
(1108,'Gerbold','Lovemore','1981-07-13',16,5,'signed to a record label','2010-03-18','2020-08-19',NULL),
(1109,'Bethel','Jack','1980-07-15',1,6,'signed to a record label','2001-04-24','2002-02-01',NULL),
(1110,'Samuel','Noah','1981-07-15',32,7,'signed to a record label','2012-02-01','2015-03-03',NULL),
(1111,'Willidrud','Desirae','1973-05-24',14,8,'signed to a record label','2017-03-14','2017-03-15',NULL),
(1112,'Vesela','Viktoriya','1974-11-04',15,NULL,'independent artist',NULL,NULL,'1994-07-11'),
(1113,'Felix','Trix','1959-01-14',17,NULL,'independent artist',NULL,NULL,'1978-04-01'),
(1114,'Mack','Eskender','1958-02-22',12,2,'signed to a record label','2000-11-23','2002-11-23',NULL),
(1115,'Pomponius','Werdheri','1966-09-23',0,NULL,'independent artist',NULL,NULL,'1986-07-13'),
(1116,'Linnea','Iunia','1967-10-24',5,NULL,'independent artist',NULL,NULL,'1987-05-05'),
(1117,'Jolie','Arwen','1968-11-25',3,1,'signed to a record label','2000-04-29','2002-02-01',NULL),
(1118,'Tammi','Eppie','1960-01-18',2,1,'signed to a record label','2005-03-03','2010-09-15',NULL),
(1119,'Windsor','Benjamin','1981-05-31',7,4,'signed to a record label','2001-12-03','2010-11-18',NULL),
(1120,'Tafari','Kagiso','1982-06-01',8,NULL,'independent artist',NULL,NULL,'2010-11-11'),
(1121,'Valentina','Dagmar','1977-01-01',10,NULL,'independent artist',NULL,NULL,'2000-03-03'),
(1122,'Kiarra','Kishan','1975-03-03',0,6,'signed to a record label','2010-01-30','2020-03-30',NULL),
(1123,'Lyall','Chandra','1976-04-04',0,7,'signed to a record label','2012-05-05','2016-08-14',NULL),
(1124,'Paula','Gerbern','1976-01-06',1,7,'signed to a record label','2012-07-07','2014-04-24',NULL),
(1125,'Permelia','Sabinus','1979-12-03',6,7,'signed to a record label','2012-08-08','2014-05-05',NULL),
(1126,'Violet','Eduard','1979-03-12',4,NULL,'independent artist',NULL,NULL,'2012-07-13'),
(1127,'Trace','Lana','1980-12-13',5,NULL,'independent artist',NULL,NULL,'2000-12-13'),
(1128,'Dessislava','Steffen','1984-12-12',5,NULL,'independent artist',NULL,NULL,'2010-10-10'),
(1129,'Aamina','Bishan','1971-11-11',0,2,'signed to a record label','2000-12-12','2001-08-18',NULL),
(1130,'Idelle','Janet','1971-03-03',11,3,'signed to a record label','2010-03-16','2012-11-24',NULL),
(1131,'Madhavi','Olav','1979-11-03',18,4,'signed to a record label','1999-05-15','2011-10-15',NULL),
(1132,'Royle','Ned','1990-03-03',17,5,'signed to a record label','2019-09-09','2020-10-10',NULL),
(1133,'Johnny','Arvid','1991-03-04',22,NULL,'independent artist',NULL,NULL,'2015-07-05'),
(1134,'Delilah','Hubertus','1993-12-12',21,NULL,'independent artist',NULL,NULL,'2014-12-17'),
(1135,'Kevin','Hanne','1991-06-15',12,NULL,'independent artist',NULL,NULL,'2014-05-05'),
(1136,'Tevin','Eden','1991-07-15',0,7,'signed to a record label','2014-08-05','2017-10-28',NULL),
(1137,'Bhavana','Chet','1992-10-23',3,2,'signed to a record label','2018-11-05','2019-06-06',NULL),
(1138,'Gabriel','Aldric','1993-11-24',0,2,'signed to a record label','2013-11-23','2020-03-30',NULL),
(1139,'Clarice','Erle','1994-12-25',2,4,'signed to a record label','2014-07-10','2015-02-24',NULL),
(1140,'Annbjørg','Aron','1990-01-01',7,NULL,'independent artist',NULL,NULL,'2014-08-17'),
(1141,'Vít','Radkov','1991-02-02',16,NULL,'independent artist',NULL,NULL,'2013-08-17'),
(1142,'Serafim','Hájek','1990-12-03',14,NULL,'independent artist',NULL,NULL,'2011-02-17'),
(1143,'Jaroslav','Jehlička','1990-03-12',13,8,'signed to a record label','2020-07-15','2020-12-30',NULL),
(1144,'Aleksandar','Borisov','1991-11-11',1,1,'signed to a record label','2020-01-05','2020-07-06',NULL),
(1145,'Albano','Nagel','1991-12-12',2,1,'signed to a record label','2014-03-13','2015-04-25',NULL),
(1146,'Hakeem','Spannagel','1989-12-14',2,NULL,'independent artist',NULL,NULL,'2015-03-03'),
(1147,'Darshan','Markov','1989-01-15',0,NULL,'independent artist',NULL,NULL,'2016-03-03'),
(1148,'Osvald','McKay','1990-05-05',18,NULL,'signed to a record label','2013-03-19','9999-12-31',NULL),
(1149,'Radmilo','Wägner','1990-06-30',22,8,'signed to a record label','2013-04-30','2015-11-15',NULL),
(1150,'Ace','Barbier','1999-02-14',23,NULL,'signed to a record label','2020-02-20','9999-12-31',NULL),
(1151,'Ivica','Spitz','1992-06-08',15,3,'signed to a record label','2018-07-07','2019-08-18',NULL),
(1152,'Keala','Thompson','1994-05-30',25,4,'signed to a record label','2014-01-02','2015-07-26',NULL),
(1153,'Jade','De','1991-10-07',5,NULL,'signed to a record label','2014-02-10','2019-09-18',NULL),
(1154,'Katherine','Ashley','1997-01-18',3,1,'signed to a record label','2017-05-12','2019-10-18',NULL),
(1155,'Lucas','Esteves','1990-05-18',4,1,'signed to a record label','2010-05-12','2019-03-01',NULL),
(1156,'Audie','Tyson','1990-05-04',5,1,'signed to a record label','2011-03-22','2012-03-22',NULL),
(1157,'Walery','Knaggs','1965-03-04',6,1,'signed to a record label','2001-05-23','2002-05-23',NULL),
(1158,'Gerry','Palmeiro','1965-04-03',22,1,'signed to a record label','2001-05-05','2010-02-02',NULL),
(1159,'Aniya','Blythe','1958-03-03',23,1,'signed to a record label','2002-03-03','2005-04-04',NULL),
(1160,'Cornelia','Richard','1991-01-15',12,1,'signed to a record label','2010-05-12','2019-03-01',NULL),
(1161,'Darcie','Braxton','1958-02-14',7,1,'signed to a record label','2001-04-04','2003-04-04',NULL),
(1162,'Phyllida','Parsons','1958-02-15',6,1,'signed to a record label','2000-12-15','2002-12-16',NULL),
(1163,'Adam','Brock','1979-02-28',2,1,'signed to a record label','2000-02-28','2003-05-24',NULL),
(1164,'Kristie','Vuković','1966-07-23',0,1,'signed to a record label','2002-05-05','2004-05-05',NULL),
(1165,'Herbie','Ingham','1988-12-31',0,1,'signed to a record label','2008-01-02','2010-03-15',NULL),
(1166,'Charity','Collingwood','1963-10-20',15,1,'signed to a record label','2001-07-15','2002-08-14',NULL),
(1167,'Warren','Jewell','1973-10-21',3,2,'signed to a record label','1996-02-01','1997-02-01',NULL),
(1168,'Dan','Tyrell','1975-03-03',5,2,'signed to a record label','1997-12-11','2001-03-03',NULL),
(1169,'Christian','Neville','1979-03-03',1,2,'signed to a record label','2005-06-06','2007-07-07',NULL),
(1170,'Gerard','Czajka','1978-04-05',2,2,'signed to a record label','2001-01-15','2002-02-15',NULL),
(1171,'Tessie','Zając','1979-04-05',4,4,'signed to a record label','1997-06-28','9999-12-31',NULL),
(1172,'Vladimir','Mihailović','1972-04-05',4,4,'signed to a record label','1998-06-28','2001-04-03',NULL),
(1173,'Caroline','Peck','1974-03-03',5,4,'signed to a record label','2001-03-03','2005-05-05',NULL),
(1174,'Tamela','Kynaston','1975-05-05',7,4,'signed to a record label','2001-12-18','2004-11-18',NULL),
(1175,'Barb','Bourke','1975-01-01',5,5,'signed to a record label','2003-02-01','2004-02-01',NULL),
(1176,'Sonia','Ericson','1975-02-02',5,5,'signed to a record label','2003-02-02','2004-02-02',NULL),
(1177,'Maxine','Heath','1975-03-03',5,5,'signed to a record label','2005-03-03','2006-04-04',NULL),
(1178,'Bellamy','Dukes','1976-04-14',4,5,'signed to a record label','2007-04-15','2008-04-18',NULL),
(1179,'Goran','Elvis','1977-04-15',0,5,'signed to a record label','2009-04-24','2010-04-25',NULL),
(1180,'Radcliff','Kay','1985-10-18',0,5,'signed to a record label','2010-12-12','2018-04-04',NULL),
(1181,'Wilhelm','Howland','1985-03-14',1,5,'signed to a record label','2010-05-05','2012-06-06',NULL),
(1182,'Dalila','Grigorescu','1986-04-14',2,5,'signed to a record label','2011-07-07','2012-08-08',NULL),
(1183,'Larysa','Marsden','1986-12-12',1,5,'signed to a record label','2015-03-18','2017-03-18',NULL),
(1184,'Roxane','Dimitrov','1986-12-14',0,5,'signed to a record label','2019-04-16','2020-04-16',NULL),
(1185,'Viktorija','Krakowski','1969-12-15',0,5,'signed to a record label','2017-02-23','2018-02-24',NULL),
(1186,'Mihail','Fosse','1970-04-17',2,5,'signed to a record label','2011-11-11','2013-10-17',NULL),
(1187,'Tamsen','Brinley','1990-09-20',3,5,'signed to a record label','2010-10-18','9999-12-31',NULL),
(1188,'Roswell','Thompsett','1970-06-15',4,5,'signed to a record label','2003-05-05','2005-05-05',NULL),
(1189,'Julius','Sutton','1975-01-01',1,6,'signed to a record label','2000-02-01','2001-12-15',NULL),
(1190,'Fortunata','Holmwood','1976-01-01',2,6,'signed to a record label','2001-02-01','2001-12-16',NULL),
(1191,'Edwyn','Sherburne','1977-01-01',3,6,'signed to a record label','2003-02-01','9999-12-31',NULL),
(1192,'Jamison','Rakes','1978-02-14',4,6,'signed to a record label','2007-02-15','9999-12-31',NULL),
(1193,'Harlow','Gadsby','1979-02-15',0,6,'signed to a record label','2008-02-16','2020-02-15',NULL),
(1194,'Mihăiță','Bennington','1979-05-16',0,6,'signed to a record label','2005-10-14','2020-02-16',NULL),
(1195,'Abbey','Otis','1979-02-24',2,6,'signed to a record label','2005-06-16','2019-05-17',NULL),
(1196,'Katelin','Woźniak','1979-02-25',2,6,'signed to a record label','2005-06-15','2019-08-18',NULL),
(1197,'Wojciecha','Jepson','1981-10-14',1,6,'signed to a record label','2005-03-12','2019-03-15',NULL),
(1198,'Eileen','Robson','1982-10-15',1,6,'signed to a record label','2005-07-17','2018-04-04',NULL),
(1199,'Manda','Stark','1983-03-14',5,6,'signed to a record label','2005-10-18','2019-04-04',NULL),
(1200,'Laureen','Lindon','1988-12-12',23,6,'signed to a record label','2004-10-19','2020-07-04',NULL),
(1201,'Hallie','Meadows','1986-11-12',22,6,'signed to a record label','2007-10-10','2020-09-09',NULL),
(1202,'Gennady','Brice','1987-03-03',5,7,'signed to a record label','2012-02-01','2013-12-01',NULL),
(1203,'Zofia','Wyman','1988-03-03',5,7,'signed to a record label','2012-05-15','9999-12-31',NULL),
(1204,'Wendi','Henriques','1980-05-04',4,7,'signed to a record label','2012-07-16','9999-12-31',NULL),
(1205,'Marysia','Christopher','1975-06-16',3,7,'signed to a record label','2013-06-04','2015-06-04',NULL),
(1206,'Abbie','Rimmer','1976-10-14',3,7,'signed to a record label','2020-05-05','2020-12-01',NULL),
(1207,'Bertina','Coupe','1977-10-15',0,7,'signed to a record label','2015-04-24','2016-08-18',NULL),
(1208,'Kacey','Abrams','1978-11-23',0,7,'signed to a record label','2017-07-23','2018-07-23',NULL),
(1209,'Deborah','Everill','1979-12-01',1,7,'signed to a record label','2019-05-25','2020-02-03',NULL),
(1210,'Knox','Watson','1975-02-02',4,10,'signed to a record label','2006-03-03','2007-04-04',NULL),
(1211,'Pauletta','Tyson','1976-02-02',4,10,'signed to a record label','2006-04-04','2008-05-05',NULL),
(1212,'Patrícia','Acker','1977-03-03',3,10,'signed to a record label','2006-01-12','2007-01-17',NULL),
(1213,'Angelina','Troy','1978-10-14',2,10,'signed to a record label','2007-02-01','2008-02-01',NULL),
(1214,'Arin','Bristow','1979-12-15',1,10,'signed to a record label','2010-05-15','2011-05-16',NULL),
(1215,'Murphy','Barnes','1980-04-24',1,10,'signed to a record label','2010-04-14','2011-04-14',NULL),
(1216,'Diomid','Garey','1981-04-24',1,10,'signed to a record label','2011-10-14','2012-11-23',NULL),
(1217,'Vlasi','Todorov','1982-03-26',15,10,'signed to a record label','2015-04-23','2018-04-27',NULL),
(1218,'Rodrigo','Delaney','1983-07-15',22,10,'signed to a record label','2015-02-25','9999-12-31',NULL),
(1219,'Ivona','Sokal','1984-04-24',21,10,'signed to a record label','2018-02-12','2019-06-15',NULL),
(1220,'Trent','Gardner','1985-12-25',14,10,'signed to a record label','2014-12-14','2015-01-05',NULL),
(1221,'Barnaba','Lukić','1985-01-01',2,11,'signed to a record label','2011-02-01','2012-02-01',NULL),
(1222,'Tex','Félix','1986-01-01',2,11,'signed to a record label','2011-03-01','2012-03-01',NULL),
(1223,'Silvia','Sniders','1987-01-01',3,11,'signed to a record label','2011-04-01','2012-04-01',NULL),
(1224,'Georgia','Czajkowski','1988-01-02',1,11,'signed to a record label','2011-06-16','2012-06-17',NULL),
(1225,'Anfisa','Appleton','1980-01-14',14,11,'signed to a record label','2011-05-05','2012-05-05',NULL),
(1226,'Danko','Dickson','1980-01-15',12,11,'signed to a record label','2012-06-06','2018-07-07',NULL),
(1227,'Phillis','Woodward','1981-02-16',11,11,'signed to a record label','2013-05-15','2014-05-16',NULL),
(1228,'Angelina','Anghelescu','1982-10-15',0,11,'signed to a record label','2014-05-12','2015-05-12',NULL),
(1229,'Windsor','Vasile','1982-10-17',0,11,'signed to a record label','2014-02-11','2015-02-11',NULL),
(1230,'Christobel','Cropper','1983-10-24',0,11,'signed to a record label','2015-03-12','2018-10-17',NULL),
(1231,'Todd','Stasiuk','1984-03-12',3,11,'signed to a record label','2014-05-07','9999-12-31',NULL),
(1232,'Ariana','Millard','1985-04-15',2,11,'signed to a record label','2018-02-01','9999-12-31',NULL),
(1233,'Wanda','Janson','1986-07-07',8,11,'signed to a record label','2018-04-04','2019-04-04',NULL),
(1234,'Benigno','Simpkin','1980-04-05',5,12,'signed to a record label','1998-02-01','1999-02-01',NULL),
(1235,'Joslyn','Ness','1981-04-05',1,12,'signed to a record label','1998-03-02','2005-05-05',NULL),
(1236,'Odell','Antonov','1982-04-05',0,12,'signed to a record label','2000-02-01','2001-04-02',NULL),
(1237,'Lyanna','Hackett','1975-10-10',0,12,'signed to a record label','2001-05-04','2005-05-05',NULL),
(1238,'Dianna','Ackerman','1976-10-10',2,12,'signed to a record label','2004-06-06','2007-07-07',NULL),
(1239,'Sloane','Parris','1977-11-10',3,12,'signed to a record label','2010-06-15','2011-06-15',NULL),
(1240,'Ivan','Georgiev','1980-12-12',4,12,'signed to a record label','2010-07-16','2011-07-17',NULL),
(1241,'Petur','Atanasov','1981-11-11',16,12,'signed to a record label','2002-08-18','2010-09-20',NULL),
(1242,'Atanas','Ivanov','1980-10-10',17,12,'signed to a record label','2003-04-13','2005-02-15',NULL),
(1243,'Hristo','Hristov','1981-05-04',25,12,'signed to a record label','2010-02-25','2020-02-27',NULL),
(1244,'Georgi','Hristov','1981-06-05',32,12,'signed to a record label','2005-01-03','9999-12-31',NULL),
(1245,'Hristo','Georgiev','1981-07-06',15,12,'signed to a record label','2007-04-14','9999-12-31',NULL),
(1246,'Ivan','Asenov','1982-08-07',1,12,'signed to a record label','2008-07-20','2018-08-20',NULL),
(1247,'Asen','Ivanov','1983-09-08',5,12,'signed to a record label','2010-05-05','2012-06-05',NULL),
(1248,'Idony','Roderick','1984-02-01',4,13,'signed to a record label','2020-04-04','2021-05-05',NULL),
(1249,'Jirair','Trevis','1986-02-01',3,13,'signed to a record label','2020-05-05','9999-12-31',NULL),
(1250,'Joleen','Kitchens','1986-02-02',0,13,'signed to a record label','2020-06-06','9999-12-31',NULL),
(1251,'Cass','Medved','1986-10-01',0,13,'signed to a record label','2020-08-07','2021-02-02',NULL),
(1252,'Milan','Haig','1986-10-02',1,13,'signed to a record label','2020-09-08','2021-03-03',NULL),
(1253,'Vlasta','Abrahams','1986-10-13',2,13,'signed to a record label','2020-12-12','2021-04-19',NULL),
(1254,'Sharise','Cropper','1984-10-14',14,13,'signed to a record label','2020-07-15','2021-02-24',NULL),
(1255,'Cierra','Towner','1985-10-15',3,14,'signed to a record label','2017-02-01','9999-12-31',NULL),
(1256,'Adriana','Jewel','1985-11-16',3,14,'signed to a record label','2017-04-04','2018-05-05',NULL),
(1257,'Cyan','Hayes','1979-10-17',13,14,'signed to a record label','2017-03-03','2020-03-03',NULL),
(1258,'Bret','Filipović','1978-10-16',12,14,'signed to a record label','2017-10-10','2018-11-10',NULL),
(1259,'Philander','Norris','1970-12-15',11,14,'signed to a record label','2017-01-14','2019-03-14',NULL),
(1260,'Al','Clement','1971-12-15',17,14,'signed to a record label','2019-02-02','2020-07-07',NULL),
(1261,'Jacqui','Baines','1972-12-15',2,14,'signed to a record label','2017-02-25','2018-02-25',NULL),
(1262,'Kemp','Carlisle','1973-12-16',2,14,'signed to a record label','2017-01-31','2018-01-30',NULL),
(1263,'Marija','Hathway','1969-01-01',0,14,'signed to a record label','2018-05-15','2019-05-17',NULL),
(1264,'Romaine','Webb','1970-01-01',0,14,'signed to a record label','2019-04-04','2020-04-04',NULL),
(1265,'Monika','Bowman','1970-12-12',7,14,'signed to a record label','2020-04-14','2021-02-10',NULL),
(1266,'Dragutin','Kovačević','1971-12-12',8,14,'signed to a record label','2018-03-03','2021-05-05',NULL),
(1267,'Aldous','Fishman','1972-12-12',9,14,'signed to a record label','2017-02-13','2019-02-15',NULL),
(1268,'Misty','Sidney','1969-02-14',12,14,'signed to a record label','2018-03-31','9999-12-31',NULL),
(1269,'Mia','Russell','1970-01-15',3,14,'signed to a record label','2017-02-22','9999-12-31',NULL),
(1270,'Gallagher','Garnier','1970-01-31',4,14,'signed to a record label','2016-07-07','2017-07-07',NULL),
(1271,'Estelle','Isaacson','1971-01-31',5,14,'signed to a record label','2017-08-08','2019-08-09',NULL),
(1272,'Cheryl','Stainthorpe','1983-01-30',7,14,'signed to a record label','2017-03-03','2020-03-03',NULL),
(1273,'Joanie','Bristol','1968-04-24',9,14,'signed to a record label','2016-12-10','2017-08-05',NULL),
(1274,'Joanie','Bristol','1980-03-25',10,14,'signed to a record label','2017-12-03','2020-10-14',NULL);



INSERT INTO genre VALUES
('g01','rock'),
('g02','progressive rock'),
('g03','alternative rock'),
('g04','jazz'),
('g05','hip hop music'),
('g06','country music'),
('g07','pop music'),
('g08','folk music'),
('g09','blues'),
('g10','heavy metal'),
('g11','punk rock'),
('g12','pop rock'),
('g13','rhythm and blues'),
('g14','soul music'),
('g15','house music'),
('g16','electronic dance music'),
('g17','funk'),
('g18','dance music'),
('g19','reggae'),
('g20','ambient music'),
('g21','orchestra'),
('g22','disco'),
('g23','techno'),
('g24','gospel music');


INSERT INTO albums VALUES 
(001,'Their Version of Me',1001,NULL,'g12','2020-05-05'),
(002,'Happiness Amidst Problems',1001,NULL,'g12','2020-06-06'),
(003,'Take My Life',1001,NULL,'g12','2021-04-04'),
(004,'Regrets',1002,2,'g15','2021-02-02'),
(005,'I am My Charmer',1003,1,'g16','2005-04-04'),
(006,'Well Wishers',1004,NULL,'g17','2007-05-15'),
(007,'Pain that Physically Hurts',1005,NULL,'g18','2012-04-03'),
(008,'Victim of Death',1006,2,'g19','2002-07-07'),
(009,'Disturbed World',1007,6,'g20','2020-04-04'),
(010,'Red Flags',1007,6,'g20','2020-06-06'),
(011,'Bereaved Me',1007,6,'g20','2020-10-16'),
(012,'Happiness Is a Stranger',1008,2,'g23','2013-01-25'),
(013,'The Ways of Life',1009,3,'g24','2018-08-17'),
(014,'Dear Future',1010,NULL,'g01','2011-11-30'),
(015,'It Was…',1011,4,'g02','2014-03-03'),
(016,'My Little Journey to Mars',1012,4,'g03','2008-10-04'),
(017,'Quality of Thoughts',1013,4,'g04','2002-09-17'),
(018,'No More Tears',1014,1,'g05','2001-08-09'),
(019,'Heart Bleeding',1015,NULL,'g06','2018-01-01'),
(020,'Seasonal Love',1016,8,'g07','2013-03-12'),
(021,'Strange Woman',1017,8,'g08','2021-05-31'),
(022,'Restoration of Love',1018,4,'g09','1999-09-10'),
(023,'You Walked Through the Toughest Times',1019,NULL,'g10','2016-07-07'),
(024,'Imperfect I',1020,2,'g11','1996-12-20'),
(025,'Friends Forever',1021,9,'g01','2005-02-10'),
(026,'It Was Just…',1022,9,'g03','2006-06-23'),
(027,'Knock, Seek & Ask',1023,NULL,'g06','2019-10-03'),
(028,'We Are One',1024,3,'g13','2016-04-23'),
(029,'Once bitten',1024,3,'g13','2018-10-08'),
(030,'Ask and receive',1024,3,'g13','2021-07-13'),
(031,'The last straw',1025,NULL,'g18','2021-04-08'),
(032,'No ambition',1025,NULL,'g18','2021-06-08'),
(033,'Dark Windows',1026,NULL,'g01','2015-07-07'),
(034,'Promiscuous',1027,NULL,'g01','2016-08-08'),
(035,'Calm Wings',1028,1,'g02','2004-02-02'),
(036,'Dove Diplomacy',1029,NULL,'g03','2007-05-05'),
(037,'Weird Plants',1030,NULL,'g04','2007-06-06'),
(038,'Failure Won''t Stop Me',1031,4,'g05','2015-03-14'),
(039,'Lying in bed is all I can do',1032,NULL,'g06','2014-03-03'),
(040,'A Great Laughter',1033,NULL,'g07','2014-04-04'),
(041,'Village Thief',1034,NULL,'g08','2014-06-05'),
(042,'My Small Steps',1035,8,'g09','2013-07-07'),
(043,'After Sleepless Night',1036,NULL,'g10','2007-02-02'),
(044,'Wounds Deeper Than the Ocean',1037,NULL,'g11','2020-08-17'),
(045,'What Makes a Better World',1038,1,'g12','2006-04-04'),
(046,'Victim Tears',1039,NULL,'g13','2005-07-17'),
(047,'Human Relationship',1040,NULL,'g14','2019-07-10'),
(048,'Thank You Very Much',1041,3,'g15','2020-05-05'),
(049,'Listen More',1042,7,'g16','2011-04-04'),
(050,'All Falling Apart',1043,NULL,'g17','2005-07-14'),
(051,'I am Wiser Now',1044,NULL,'g18','2011-10-10'),
(052,'It had to pass',1045,2,'g19','2003-02-02'),
(053,'Tough Life',1046,NULL,'g20','2004-05-05'),
(054,'The Ransom, the Greatest Gift',1047,NULL,'g21','2010-06-06'),
(055,'Great Advocate',1048,NULL,'g22','2004-02-03'),
(056,'He Never Fails',1049,NULL,'g23','2004-03-02'),
(057,'You are Going to Make It',1050,5,'g24','2008-08-18'),
(058,'Spread Love',1051,NULL,'g01','2006-02-02'),
(059,'I Am the Change',1052,NULL,'g01','2006-04-04'),
(060,'I Was Stupid',1053,NULL,'g02','2006-04-14'),
(061,'My Wonder-Woman',1054,7,'g04','2014-04-04'),
(062,'Let Love Lead',1055,8,'g03','2015-02-02'),
(063,'You Made It',1056,8,'g03','2017-05-03'),
(064,'Dangerous Love',1057,NULL,'g03','2003-04-04'),
(065,'Dictator Lover',1058,NULL,'g03','2017-02-02'),
(066,'Stop Hatred',1059,NULL,'g03','2017-03-03'),
(067,'Love Misery',1060,3,'g03','2017-05-14'),
(068,'Don''t Leave Me Please',1061,4,'g03','2000-04-04'),
(069,'Feel My Joy',1062,NULL,'g03','2019-02-02'),
(070,'You Gave Me a Child',1063,NULL,'g03','2019-03-03'),
(071,'Depressed Friend',1064,NULL,'g03','2019-05-04'),
(072,'Let Happiness Dominate',1065,8,'g04','2019-01-15'),
(073,'Disturbed Peoples',1066,5,'g04','2005-04-14'),
(074,'Army of ants',1067,5,'g04','2006-10-18'),
(075,'Death of roses',1068,3,'g04','2013-04-11'),
(076,'Battle grounds',1069,2,'g04','2004-06-15'),
(077,'Glass shoe',1070,NULL,'g04','2016-05-05'),
(078,'Fight and flight',1071,NULL,'g04','2014-07-07'),
(079,'Dime in two dozen',1072,NULL,'g04','2020-10-10'),
(080,'For two songs',1073,4,'g04','2006-12-31'),
(081,'Rain check',1074,4,'g05','2009-10-31'),
(082,'Chaos',1075,4,'g05','2018-11-01'),
(083,'Beautiful beasts',1076,NULL,'g05','2019-05-05'),
(084,'Commercial break',1077,NULL,'g05','2014-03-03'),
(085,'No discounts',1078,NULL,'g05','2016-04-04'),
(086,'Patient zero',1079,6,'g12','2009-01-19'),
(087,'Crowd control',1080,7,'g04','2018-01-12'),
(088,'Bullet bites',1081,9,'g12','2008-08-04'),
(089,'Bankrupcy',1082,9,'g12','2005-08-01'),
(090,'Total destruction',1083,NULL,'g12','2007-05-05'),
(091,'Fault of treasures',1084,NULL,'g12','2006-01-14'),
(092,'Nemesis',1085,9,'g12','2021-03-14'),
(093,'Focus',1086,7,'g04','2014-07-31'),
(094,'Doctor in the house',1087,7,'g04','2012-08-09'),
(095,'Curves',1088,NULL,'g07','1995-04-04'),
(096,'Decisions decisions',1089,NULL,'g08','2002-01-18'),
(097,'Final breath',1090,5,'g09','2003-09-03'),
(098,'Greener grass',1091,NULL,'g10','1995-12-17'),
(099,'Patient zero',1092,2,'g11','2000-11-12'),
(100,'Let''s do it',1093,2,'g12','2009-01-21'),
(101,'Function over form',1094,1,'g13','2007-05-29'),
(102,'Pleasing Gods',1095,NULL,'g13','2002-07-17'),
(103,'Authenticity',1096,1,'g14','2002-01-10'),
(104,'Discrimination Policy',1097,NULL,'g15','2000-05-05'),
(105,'Annoying Friends',1098,1,'g16','2000-07-25'),
(106,'Love with no Boundaries',1099,6,'g17','2001-12-15'),
(107,'The Living Lifeless',1100,9,'g18','2021-03-17'),
(108,'Nothing Left Inside Me',1101,NULL,'g19','2002-04-17'),
(109,'My Twin',1102,NULL,'g20','2006-04-17'),
(110,'The Saddest Moments',1103,8,'g21','2019-01-24'),
(111,'Beautiful Killers',1104,7,'g04','2011-03-27'),
(112,'Feel My Joy',1105,7,'g04','2014-01-13'),
(113,'I am a Shadow',1106,NULL,'g07','2017-04-03'),
(114,'All Falling into Pieces',1107,NULL,'g07','2019-04-03'),
(115,'Toleration of Pain',1108,5,'g07','2017-06-08'),
(116,'The Underpriviliged',1109,6,'g07','2001-09-26'),
(117,'Do not Be Dismayed',1110,7,'g04','2013-09-03'),
(118,'My Mother',1111,8,'g06','2017-03-14'),
(119,'A Strange Lady',1112,NULL,'g06','1996-04-03'),
(120,'A Stain I Am Longing to Erase',1113,NULL,'g06','1997-11-10'),
(121,'Integrity',1114,2,'g06','2001-06-04'),
(122,'Unwanted Love',1115,NULL,'g06','2000-10-15'),
(123,'After Walking Through Toughest Times',1116,NULL,'g06','2002-11-17'),
(124,'Reality of Crime',1117,1,'g06','2001-12-16'),
(125,'Wealth Giver',1118,1,'g06','2005-04-13'),
(126,'Let Them Be',1119,4,'g03','2005-01-30'),
(127,'Disturbed World',1120,NULL,'g04','2015-03-03'),
(128,'Who Said',1121,NULL,'g05','2002-05-15'),
(129,'My Friend, My Tears',1122,6,'g06','2020-01-31'),
(130,'Loving the Wrong Person',1123,7,'g04','2014-04-21'),
(131,'Happy Mood',1124,7,'g04','2014-01-18'),
(132,'A Dance to My Sorrows',1125,7,'g04','2013-06-17'),
(133,'Wisdom From the Above',1126,NULL,'g14','2014-05-05'),
(134,'Convinced Me',1127,NULL,'g14','2001-07-05'),
(135,'Sounds of Smiles',1128,NULL,'g14','2014-01-13'),
(136,'She Was a Good Woman',1129,2,'g14','2001-02-09'),
(137,'A Prisoner of Depression',1130,3,'g14','2011-12-03'),
(138,'You Are The One',1131,4,'g14','2008-07-04'),
(139,'You Are a Survivor',1132,5,'g14','2020-07-01'),
(140,'U + Me',1133,NULL,'g14','2017-02-02'),
(141,'Loving the Right Person',1134,NULL,'g12','2017-03-03'),
(142,'Respect Is My Key',1135,NULL,'g13','2017-04-04'),
(143,'The Priviliged',1136,7,'g04','2016-06-04'),
(144,'Family Happiness',1137,2,'g18','2019-01-03'),
(145,'The Kind Mates',1138,2,'g21','2014-11-21'),
(146,'My Mind Says "Yes"',1139,4,'g22','2014-11-24'),
(147,'Dear Grandmother',1140,NULL,'g23','2017-04-13'),
(148,'My Backup',1141,NULL,'g24','2018-01-16'),
(149,'Happy Days',1142,NULL,'g01','2018-02-24'),
(150,'Plight of a Widow',1143,8,'g02','2020-10-02'),
(151,'Long Awaited Day',1144,1,'g04','2020-06-14'),
(152,'My Mind Says, My Heart Says',1145,1,'g04','2014-08-06'),
(153,'You Are the Owner of My Heart',1146,NULL,'g05','2016-03-03'),
(154,'Dear Grandfather',1147,NULL,'g06','2017-10-15'),
(155,'Famous Lover',1148,NULL,'g07','2021-05-14'),
(156,'Dear Past',1149,8,'g08','2014-05-26'),
(157,'You Just Broke My Heart',1150,NULL,'g09','2021-02-02'),
(158,'My Heart Says "No"',1151,3,'g10','2019-03-11'),
(159,'Nothing Hurts Like That',1152,4,'g11','2015-01-03'),
(160,'Offer a Hand',1153,NULL,'g12','2021-04-14'),
(161,'Be a God',1154,1,'g13','2019-07-26'),
(162,'Light of the World',1155,1,'g14','2017-02-03'),
(163,'My Heart Says "Maybe"',1156,1,'g15','2011-06-26'),
(164,'A World Without You and Me',1157,1,'g01','2001-06-19'),
(165,'Precious Son',1158,1,'g02','2008-06-14'),
(166,'A Sad Smile',1159,1,'g02','2002-04-08'),
(167,'Lifting Others Up',1160,3,'g04','2015-05-12'),
(168,'My Hear Says "Yes"',1161,3,'g06','2002-03-13'),
(169,'I Want to Cry in Someone''s Arms',1162,3,'g08','2001-10-31'),
(170,'A Love Letter',1163,3,'g10','2001-09-15'),
(171,'Casual Friends',1164,3,'g12','2003-06-16'),
(172,'Harmful Company',1165,3,'g14','2008-02-19'),
(173,'She Was There',1166,3,'g16','2002-07-01'),
(174,'My Mind Says "Maybe"',1167,2,'g18','1997-01-20'),
(175,'Friends by Default',1168,2,'g20','2000-05-27'),
(176,'My Humble Soul',1169,2,'g21','2005-08-02'),
(177,'Let Happiness Rule the World',1170,2,'g22','2001-05-21'),
(178,'My Boss',1171,4,'g23','2021-05-03'),
(179,'My Bag',1172,4,'g24','1998-08-16'),
(180,'My Mind Says "Why Not!?"',1173,4,'g01','2002-07-16'),
(181,'Acts of Love',1174,4,'g02','2002-08-21'),
(182,'Emotions Reader',1175,5,'g03','2003-05-10'),
(183,'Speaking Alters',1176,5,'g03','2003-11-14'),
(184,'You Left Me Forever',1177,5,'g04','2005-05-18'),
(185,'Hand Selected',1178,5,'g04','2008-03-18'),
(186,'My Heart Says "Why Not!?"',1179,5,'g04','2010-04-17'),
(187,'Happy People',1180,5,'g04','2013-04-03'),
(188,'A Strange Girl',1181,5,'g04','2011-04-15'),
(189,'Dear Wife',1182,5,'g04','2012-04-13'),
(190,'Rejoice',1183,5,'g04','2016-10-15'),
(191,'My Heart Is Certain, My Mind Is Not',1184,5,'g04','2019-06-09'),
(192,'Love Me at Your Own Risk',1185,5,'g04','2018-01-20'),
(193,'You Fought, I won',1186,5,'g04','2012-04-05'),
(194,'Protect Me',1187,5,'g04','2021-02-02'),
(195,'Insecure Love',1188,5,'g05','2004-02-03'),
(196,'A Life Drug in Happiness',1189,6,'g06','2000-05-24'),
(197,'Dear Husband',1190,6,'g07','2001-05-03'),
(198,'The Plight of an Orphan',1191,6,'g08','2021-04-04'),
(199,'Love Gone Numb',1192,6,'g09','2021-02-01'),
(200,'She Was Here',1193,8,'g10','2013-02-13'),
(201,'Disturbed Man',1194,8,'g11','2009-06-09'),
(202,'If Only',1195,8,'g12','2017-06-15'),
(203,'Lost In Love',1196,8,'g13','2005-11-29'),
(204,'Acts of Agression',1197,8,'g14','2005-03-29'),
(205,'The Blind Boy',1198,8,'g15','2012-11-08'),
(206,'I Still Choose to Stay',1199,8,'g16','2010-08-31'),
(207,'When Gods Show Up',1200,8,'g17','2014-01-01'),
(208,'The Chosen Ones',1201,8,'g18','2012-08-12'),
(209,'Journey',1202,7,'g19','2013-02-22'),
(210,'Medicine Of Life',1203,7,'g20','2020-10-04'),
(211,'Sailor''s Plight',1204,7,'g21','2020-10-15'),
(212,'Sowing a Seed',1205,7,'g20','2013-07-13'),
(213,'Absence of Happiness',1206,7,'g19','2020-09-01'),
(214,'Cultivate a Spirit of Sharing',1207,7,'g15','2015-10-21'),
(215,'Fearing God',1208,7,'g23','2017-07-25'),
(216,'Journey to the Center of the World',1209,7,'g24','2019-06-09'),
(217,'The Violated',1210,9,'g24','2007-02-14'),
(218,'Happy in My Dreams',1211,9,'g01','2007-06-05'),
(219,'A Smoke Without Fire',1212,9,'g02','2006-12-27'),
(220,'Absence of Joy',1213,9,'g03','2008-01-17'),
(221,'Peer Pressure',1214,9,'g04','2010-11-17'),
(222,'The Hearer Of Prayer',1215,9,'g05','2011-03-20'),
(223,'I am the Change',1216,10,'g06','2011-12-30'),
(224,'Violent Love',1217,10,'g07','2015-12-28'),
(225,'Protect Them',1218,10,'g07','2021-02-15'),
(226,'Our Youth',1219,10,'g07','2018-04-26'),
(227,'Acts of Destruction',1220,10,'g07','2014-12-26'),
(228,'Sad in My Dreams',1221,11,'g07','2012-02-01'),
(229,'My All',1222,11,'g07','2011-11-05'),
(230,'Our Tomorrow',1223,11,'g07','2011-07-03'),
(231,'Fearing an Animal',1224,11,'g07','2011-07-28'),
(232,'You Were a True Friend',1225,11,'g07','2011-10-07'),
(233,'I Want to Cry',1226,11,'g07','2016-07-07'),
(234,'Misunderstood By Many',1227,11,'g07','2014-03-26'),
(235,'My First Love',1228,11,'g07','2015-04-28'),
(236,'Romantic Joy',1229,11,'g07','2014-07-11'),
(237,'A Live Feeling',1230,11,'g07','2017-03-22'),
(238,'I am Done',1231,11,'g07','2021-05-19'),
(239,'My Soul Yearns for a Rest',1232,11,'g08','2021-04-14'),
(240,'Sadness is a Stranger',1233,11,'g09','2018-10-10'),
(241,'Caged Persons',1234,12,'g10','1998-11-19'),
(242,'I Wish to Sleep Forever',1235,12,'g10','1999-04-16'),
(243,'We Are One',1236,12,'g09','2001-03-23'),
(244,'Foreign Love',1237,12,'g12','2002-04-04'),
(245,'Love Never Fails',1238,12,'g13','2006-11-04'),
(246,'Happiness Amidst Problems',1239,12,'g14','2011-03-28'),
(247,'Living Waters',1240,12,'g15','2010-10-03'),
(248,'Controlling Love',1241,12,'g16','2007-09-21'),
(249,'I Learned to Say "No"',1242,12,'g17','2003-04-14'),
(250,'My Last Love',1243,12,'g18','2019-09-20'),
(251,'Anticipate Nothing in Return',1244,12,'g19','2021-01-13'),
(252,'We Never Thought',1245,12,'g20','2020-12-17'),
(253,'Pain Makes You Stronger',1246,12,'g21','2014-05-26'),
(254,'Disheartened',1247,12,'g22','2012-01-22'),
(255,'Sad Pranks',1248,13,'g23','2020-05-30'),
(256,'Heroic Love',1249,13,'g24','2021-02-19'),
(257,'They Learned to Say "Why Not!?"',1250,13,'g23','2021-02-20'),
(258,'In The Woods',1251,13,'g24','2020-10-22'),
(259,'It Used To Be',1252,13,'g01','2021-01-27'),
(260,'Monster In You',1253,13,'g02','2021-02-06'),
(261,'The World Is Cold',1254,13,'g05','2020-12-10'),
(262,'Love Will Never Let You Down',1255,14,'g13','2021-03-29'),
(263,'Apology',1256,14,'g08','2018-02-05'),
(264,'Life Is Like a Wheel',1257,14,'g08','2019-04-10'),
(265,'Temptations',1258,14,'g09','2018-10-17'),
(266,'Underestimated by Many',1259,14,'g07','2017-03-25'),
(267,'In My Skin',1260,14,'g09','2019-10-05'),
(268,'Depressed People',1261,14,'g09','2017-09-17'),
(269,'Addicted to Pain',1262,14,'g09','2017-06-18'),
(270,'Why Wake Up Tomorrow',1263,14,'g09','2018-10-04'),
(271,'Unforgivable Deeds',1264,14,'g09','2019-12-08'),
(272,'The World Is Orange',1265,14,'g20','2020-09-13'),
(273,'I Made It',1266,14,'g20','2019-10-19'),
(274,'A Rare Heart Beat',1267,14,'g21','2018-04-26'),
(275,'Dark Sounds',1268,14,'g21','2021-03-30'),
(276,'Empty Soul',1269,14,'g22','2021-03-31'),
(277,'A Mind That''s Trying to Live',1270,14,'g23','2017-01-31'),
(278,'Smiley Heart',1271,14,'g24','2018-11-22'),
(279,'Pink World',1272,14,'g24','2018-01-20'),
(280,'The Power of Love',1273,14,'g01','2017-06-03'),
(281,'Love Changer',1274,14,'g02','2019-12-07'),
(282,'The Greatest Book',1051,NULL,'g01','2007-05-05'),
(283,'It Was Always So Easy',1052,NULL,'g01','2007-05-14'),
(284,'Sisterhood',1053,NULL,'g02','2008-02-18'),
(285,'Strange World',1054,NULL,'g04','2012-05-08'),
(286,'Penguins',1055,NULL,'g03','2014-10-11'),
(287,'Criminal Minds Forever',1056,NULL,'g03','2017-12-18'),
(288,'Bizarre Sounds from the Mountains',1057,NULL,'g03','2004-05-05'),
(289,'Struggling Forever',1058,NULL,'g03','2018-03-03'),
(290,'The Greatest Lesson',1059,NULL,'g03','2019-05-14'),
(291,'Inexistent Love',1060,NULL,'g03','2008-07-31'),
(292,'Selfish Love',1061,NULL,'g03','2001-08-20'),
(293,'Mad Love',1062,NULL,'g03','2020-03-02'),
(294,'The Only Famous Woman',1063,NULL,'g03','2020-02-04'),
(295,'Addicted to Nothing',1064,NULL,'g03','2020-10-15'),
(296,'Unlikely Me',1065,NULL,'g04','2015-02-24'),
(297,'The Four Husbands',1066,NULL,'g04','2006-07-11'),
(298,'Denied Love',1067,NULL,'g04','2007-03-12'),
(299,'True Friends',1068,NULL,'g04','2012-02-25'),
(300,'Abrahamic Blessing',1069,NULL,'g04','2002-03-18'),
(301,'A Misty Thought',1070,NULL,'g04','2017-05-05'),
(302,'Easy Moments',1071,NULL,'g04','2015-07-07'),
(303,'Time to Go On Vacation',1072,NULL,'g04','2021-02-11'),
(304,'Northern Season',1073,NULL,'g04','2007-06-03'),
(305,'The Unbroken Man',1074,NULL,'g05','2008-06-09'),
(306,'Boisterous Birds',1075,NULL,'g05','2017-09-03'),
(307,'Heavy Hour',1076,NULL,'g05','2020-05-05'),
(308,'Developing Tomorrow',1077,NULL,'g05','2015-04-03'),
(309,'Only Wolf',1078,NULL,'g05','2017-04-04'),
(310,'Southern Season',1079,NULL,'g12','2008-07-11'),
(311,'The Grand Rodeo',1080,NULL,'g04','2014-12-24'),
(312,'Too Close to Death',1081,NULL,'g12','2007-11-03'),
(313,'Progressive Grooves',1082,NULL,'g12','2005-07-11'),
(314,'Touch of Eyes',1083,NULL,'g12','2008-04-03'),
(315,'Far Off Wishes',1084,NULL,'g12','2008-06-05'),
(316,'Favourite Game',1085,NULL,'g12','2020-10-17'),
(317,'Forgotten Songs',1086,NULL,'g04','2013-04-30'),
(318,'Better Off Without Heaven',1087,NULL,'g04','2012-09-19'),
(319,'Too Many Happy Faces',1088,NULL,'g07','1997-04-03'),
(320,'Hot Summer Breeze',1089,NULL,'g08','2005-04-14'),
(321,'The Only Lion in the Jungle',1090,NULL,'g09','2003-05-23'),
(322,'Halloween Moments',1091,NULL,'g10','2003-04-17'),
(323,'Last Year Party Mixtapes',1092,NULL,'g11','2000-06-07'),
(324,'Warm Planets',1093,NULL,'g12','2003-05-31'),
(325,'The Big Hip Hop Gala Evening',1094,NULL,'g02','2005-07-14'),
(326,'Cheery Circus Peformances',1095,NULL,'g13','2005-10-15'),
(327,'Almost There…',1096,NULL,'g14','2001-06-05'),
(328,'Oklahoma Roots',1097,NULL,'g15','2004-07-17'),
(329,'Big Saloons',1098,NULL,'g16','2000-06-04'),
(330,'Uneasey Imagination',1099,NULL,'g17','2002-01-02'),
(331,'Forgotten Songs from the Forest',1100,NULL,'g18','2020-05-05'),
(332,'Upset Imagination',1101,NULL,'g19','2010-05-05'),
(333,'Beatufil Messy People',1102,NULL,'g20','2012-11-02'),
(334,'Next to My Land',1103,NULL,'g21','2018-11-25'),
(335,'Worse Off Without Hell',1104,NULL,'g04','2011-04-02'),
(336,'Celebration in the Space',1105,NULL,'g04','2013-04-24'),
(337,'Fizzy Water',1106,NULL,'g07','2020-05-02'),
(338,'The Colours of Safari',1107,NULL,'g07','2020-02-14'),
(339,'The Castle of the Lost Souls',1108,NULL,'g07','2018-04-28'),
(340,'Back to Never',1109,NULL,'g07','2001-07-06'),
(341,'Exciting Mountain Rhythms',1110,NULL,'g04','2012-08-09'),
(342,'Instrumental Grooves from the Hood',1111,NULL,'g02','2017-03-15'),
(343,'Forgotten Summer Balads',1112,NULL,'g06','2020-01-15'),
(344,'Light Images',1113,NULL,'g06','2005-07-07'),
(345,'Chill Casino',1114,NULL,'g06','2001-10-22'),
(346,'Teenage Places',1115,NULL,'g06','2005-04-04'),
(347,'The Garden of the Unlikely Whistling',1116,NULL,'g06','2006-08-17'),
(348,'A Rare Kind of Love',1117,NULL,'g06','2001-11-26'),
(349,'Heavy Metal Moments',1118,NULL,'g10','2006-11-25'),
(350,'When You Start to Miss Me',1119,NULL,'g03','2010-07-15'),
(351,'Failure Was Not an Option',1120,NULL,'g04','2017-02-02'),
(352,'The Ex',1121,NULL,'g05','2017-03-03'),
(353,'All-Time Favourite Hits',1122,NULL,'g06','2018-04-18'),
(354,'Golden Hits from the Outer Space',1123,NULL,'g04','2015-02-08'),
(355,'Differences',1124,NULL,'g04','2013-11-28'),
(356,'Past Conquered',1125,NULL,'g04','2013-01-11'),
(357,'Doubtful Reasons',1126,NULL,'g14','2015-04-03'),
(358,'A Happy Life',1127,NULL,'g14','2015-04-14'),
(359,'It Never Really Hurts',1128,NULL,'g14','2017-01-17'),
(360,'Desirable Youth',1129,NULL,'g14','2001-07-13'),
(361,'They Quit',1130,NULL,'g14','2012-10-14'),
(362,'Without Us',1131,NULL,'g14','2011-06-21'),
(363,'They Are One',1132,NULL,'g14','2020-04-01'),
(364,'Stories with No Ending',1133,NULL,'g14','2019-04-04'),
(365,'A Pool of Disaster',1134,NULL,'g12','2019-12-05'),
(366,'Unwanted Friends',1135,NULL,'g13','2019-04-14'),
(367,'Grief-stricken',1136,NULL,'g04','2017-05-02'),
(368,'Memories of Chronic Pain',1137,NULL,'g18','2019-02-24'),
(369,'It''s Time to Move On',1138,NULL,'g21','2017-10-06'),
(370,'Dreams in the Afternoon',1139,NULL,'g22','2014-08-23'),
(371,'Sleeping Sheep',1140,NULL,'g23','2020-02-15'),
(372,'Crossing a Bridge',1141,NULL,'g24','2020-03-17'),
(373,'Committee of Disdain',1142,NULL,'g01','2020-10-14'),
(374,'Glass House',1143,NULL,'g02','2020-12-24'),
(375,'33rd Dimension',1144,NULL,'g04','2020-02-07'),
(376,'The 22nd Mountain',1145,NULL,'g04','2014-11-16'),
(377,'Laughing Out Loud',1146,NULL,'g05','2018-04-04'),
(378,'Bouncy',1147,NULL,'g06','2018-04-15'),
(379,'Well Foamy Softening',1149,NULL,'g07','2017-11-15'),
(380,'Wolf Synopsis',1149,NULL,'g08','2015-04-08'),
(381,'Defiant Management',1152,NULL,'g09','2020-01-15'),
(382,'Clumsy Bobcat',1152,NULL,'g10','2019-08-03'),
(383,'Melted Negotiations',1152,NULL,'g11','2014-07-22'),
(384,'Cheerful Empowerment',1157,NULL,'g12','2010-06-16'),
(385,'The Learning Samurai',1154,NULL,'g13','2018-09-02'),
(386,'Pink Dogs',1155,NULL,'g14','2012-02-22'),
(387,'The Iffy Parrot',1156,NULL,'g15','2011-06-20'),
(388,'Faffing Around on Main Street',1157,NULL,'g01','2001-10-02'),
(389,'Supreme Colors',1158,NULL,'g02','2003-04-09'),
(390,'Evanescent Thoughts',1159,NULL,'g02','2004-10-08'),
(391,'Acting Like a Cat',1160,NULL,'g04','2016-06-03'),
(392,'The Exclusive Cup',1161,NULL,'g06','2002-10-20'),
(393,'Awesome Rectangles',1162,NULL,'g08','2001-03-10'),
(394,'Curved',1163,NULL,'g10','2003-01-28'),
(395,'Teeny-tiny',1164,NULL,'g12','2002-11-27'),
(396,'Eatable Gasoline',1165,NULL,'g14','2009-01-26'),
(397,'Utopian Juice',1166,NULL,'g16','2002-03-05'),
(398,'The Exclusive Table',1167,NULL,'g18','1996-05-11'),
(399,'Fading Tornado',1168,NULL,'g20','1998-06-15'),
(400,'Bizarre Matrices',1169,NULL,'g21','2006-03-08'),
(401,'Boiling Netball',1170,NULL,'g22','2001-05-25'),
(402,'Sudden Promise',1171,NULL,'g23','2021-06-06'),
(403,'Cotton Tissue',1172,NULL,'g24','1999-02-23'),
(404,'Womanly Lamb',1173,NULL,'g01','2004-03-29'),
(405,'Kiosk',1174,NULL,'g02','2004-11-16'),
(406,'Funfair Timeline',1175,NULL,'g03','2003-08-20'),
(407,'Scientific Conclusion',1176,NULL,'g03','2003-11-17'),
(408,'Smiling Fruits',1177,NULL,'g04','2005-05-08'),
(409,'A Beautiful Fairy',1178,NULL,'g04','2007-12-26'),
(410,'Subdued Monkeys',1179,NULL,'g04','2010-04-07'),
(411,'Jazzy Cars',1180,NULL,'g04','2014-07-02'),
(412,'Yellow Death',1181,NULL,'g04','2011-06-20'),
(413,'Dirt in the Ocean',1182,NULL,'g04','2012-07-24'),
(414,'Ballpark',1183,NULL,'g04','2017-02-01'),
(415,'Angry Flies',1184,NULL,'g04','2019-04-30'),
(416,'Industry Kid',1185,NULL,'g04','2017-06-16'),
(417,'Selfish Gangsters',1186,NULL,'g04','2012-08-29'),
(418,'Greedy Tigers',1187,NULL,'g04','2021-06-07'),
(419,'Sadder than Ever',1188,NULL,'g05','2004-11-14'),
(420,'Angry Creatures',1189,NULL,'g06','2001-08-15'),
(421,'Passive Letters',1190,NULL,'g07','2001-02-06'),
(422,'Efficacious Bay',1191,NULL,'g08','2021-05-15'),
(423,'Gullible Manservant',1192,NULL,'g09','2021-06-17'),
(424,'Tasteless Letters',1193,NULL,'g10','2015-06-30'),
(425,'Acid Ranch',1194,NULL,'g11','2011-04-02'),
(426,'Ordinary Trade',1195,NULL,'g12','2016-04-16'),
(427,'Goodbye Jokes',1196,NULL,'g13','2008-12-09'),
(428,'An artist with Priority',1197,NULL,'g14','2005-11-03'),
(429,'Silence Aboard',1198,NULL,'g15','2016-09-17'),
(430,'Marvellous Citizens',1199,NULL,'g16','2009-01-18'),
(431,'Determined Players',1200,NULL,'g17','2019-02-07'),
(432,'Engineering',1201,NULL,'g18','2011-06-14'),
(433,'Fearless Elephants',1202,NULL,'g19','2013-02-23'),
(434,'Onerous Lunches',1203,NULL,'g20','2020-10-20'),
(435,'Aromatic Complex',1204,NULL,'g21','2021-04-04'),
(436,'Milky Writing',1205,NULL,'g20','2014-10-21'),
(437,'The Young Accompanist',1206,NULL,'g19','2020-06-26'),
(438,'Shaky Ketchup',1207,NULL,'g15','2015-11-13'),
(439,'War Lantern',1208,NULL,'g23','2018-01-12'),
(440,'Yadd Yadda Call Me Tomorrow',1209,NULL,'g24','2019-11-18'),
(441,'Empty Clues',1210,NULL,'g24','2007-02-27'),
(442,'Panicky Attachment',1211,NULL,'g01','2008-04-29'),
(443,'Useless Blood',1212,NULL,'g02','2006-09-14'),
(444,'Uninterested Cows',1213,NULL,'g03','2007-04-13'),
(445,'An Amusing Thursday',1214,NULL,'g04','2010-07-27'),
(446,'Draconian Happiness',1215,NULL,'g05','2010-05-15'),
(447,'Pleated',1216,NULL,'g06','2012-03-26'),
(448,'Elite Sun',1217,NULL,'g07','2017-02-19'),
(449,'Salted Garlic',1218,NULL,'g07','2021-03-07'),
(450,'Funny Reunion',1219,NULL,'g07','2018-05-15'),
(451,'Folded',1220,NULL,'g07','2014-12-15'),
(452,'A Gloomy Thesis',1221,NULL,'g07','2011-11-21'),
(453,'The Flawless Swimsuit',1222,NULL,'g07','2011-11-29'),
(454,'The Challenging Millenium',1223,NULL,'g07','2011-05-20'),
(455,'The Quiet Taboo',1224,NULL,'g07','2011-11-10'),
(456,'The Welcoming Promise',1225,NULL,'g07','2011-06-01'),
(457,'Nice Information',1226,NULL,'g07','2013-03-26'),
(458,'The Flawless Spell',1227,NULL,'g07','2014-04-16'),
(459,'Pocket-watch Broccoli',1228,NULL,'g07','2014-10-22'),
(460,'Freezing Memoirs',1229,NULL,'g07','2014-12-18'),
(461,'The Parsimonious Cat',1230,NULL,'g07','2016-01-31'),
(462,'Quicksand Grooves',1231,NULL,'g07','2021-04-18'),
(463,'Bosom',1232,NULL,'g08','2021-03-16'),
(464,'Dark Sharp Subconscious',1233,NULL,'g09','2018-09-24'),
(465,'Damaged Spread',1234,NULL,'g10','1998-04-10'),
(466,'Noiseless Harmony',1235,NULL,'g10','2001-02-14'),
(467,'Slippery Lowlands',1236,NULL,'g09','2000-10-29'),
(468,'Ludicrous Corn',1237,NULL,'g12','2002-07-20'),
(469,'Salty Beverage',1238,NULL,'g13','2006-12-07'),
(470,'Beautiful Instrumentation',1239,NULL,'g14','2010-08-24'),
(471,'Cockroaches in the Dishwasher',1240,NULL,'g15','2010-10-07'),
(472,'Uptight People',1241,NULL,'g16','2007-09-30'),
(473,'The Pink Needle',1242,NULL,'g17','2003-06-21'),
(474,'The Wholesale Door',1243,NULL,'g18','2011-12-26'),
(475,'Boo Hoo Injustice',1244,NULL,'g19','2021-03-17'),
(476,'Thin Vases',1245,NULL,'g20','2020-07-13'),
(477,'Meaningful Autumn Pictures',1246,NULL,'g21','2017-08-26'),
(478,'Wildlife Presidents',1247,NULL,'g22','2011-03-28'),
(479,'Strange Accounts',1248,NULL,'g23','2021-03-22'),
(480,'A Bright Shell In the Desert',1249,NULL,'g24','2020-09-15'),
(481,'Unwanted Crystals',1250,NULL,'g23','2020-12-18'),
(482,'Extra Small Dreams',1251,NULL,'g24','2020-08-19'),
(483,'Homeless Candy',1252,NULL,'g01','2021-02-15'),
(484,'Successful Period',1253,NULL,'g02','2021-01-06'),
(485,'Undesired Jokes',1254,NULL,'g05','2020-09-25'),
(486,'Vertigo with Orangutans',1255,NULL,'g13','2021-06-22'),
(487,'Creepy Damps',1256,NULL,'g08','2018-02-27'),
(488,'Pictures from a Small Airport',1257,NULL,'g08','2019-03-10'),
(489,'Skinny Mountains',1258,NULL,'g09','2017-10-10'),
(490,'Outstanding Heaven',1259,NULL,'g07','2018-09-25'),
(491,'The Motorcycle Forum',1260,NULL,'g09','2019-10-09'),
(492,'Untidy Mess',1261,NULL,'g09','2017-10-09'),
(493,'Tacit Disagreements',1262,NULL,'g09','2017-06-24'),
(494,'The Good Captain',1263,NULL,'g09','2018-08-28'),
(495,'The Dysfunctional Army',1264,NULL,'g09','2019-10-24'),
(496,'Cloned Copies',1265,NULL,'g20','2020-09-07'),
(497,'Posh Basketball',1266,NULL,'g20','2021-02-26'),
(498,'Tainted Roof',1267,NULL,'g21','2017-05-21'),
(499,'Misleading Indications',1268,NULL,'g21','2021-04-04'),
(500,'Crazy Deserts',1269,NULL,'g22','2021-03-03');


